<?xml version="1.0" ?>
<simulation cycles_per_ms="1000000" duration="100000000" etm="wcet">
	<sched class="simso.schedulers.RM" overhead="0" overhead_activate="0" overhead_terminate="0"/>
	<caches memory_access_time="100"/>
	<processors>
		<processor cl_overhead="0" cs_overhead="0" id="1" name="CPU 1" speed="1.0"/>
	</processors>
	<tasks>
		<field name="Priority" type="int"/>
		<task ACET="0.0" Priority="2" WCET="0.016" abort_on_miss="no" activationDate="0.0" base_cpi="1.0" deadline="20.0" et_stddev="0.0" id="1" instructions="0" list_activation_dates="" mix="0.5" name="TASK T1" period="20.0" preemption_cost="0" task_type="Periodic"/>
		<task ACET="0.0" Priority="4" WCET="0.019" abort_on_miss="no" activationDate="0.0" base_cpi="1.0" deadline="100.0" et_stddev="0.0" id="2" instructions="0" list_activation_dates="" mix="0.5" name="TASK T2" period="100.0" preemption_cost="0" task_type="Periodic"/>
		<task ACET="0.0" Priority="3" WCET="0.02" abort_on_miss="no" activationDate="0.0" base_cpi="1.0" deadline="50.0" et_stddev="0.0" id="3" instructions="0" list_activation_dates="" mix="0.5" name="TASK T3" period="50.0" preemption_cost="0" task_type="Periodic"/>
		<task ACET="0.0" Priority="3" WCET="0.02" abort_on_miss="no" activationDate="0.0" base_cpi="1.0" deadline="50.0" et_stddev="0.0" id="4" instructions="0" list_activation_dates="" mix="0.5" name="TASK T4" period="50.0" preemption_cost="0" task_type="Periodic"/>
		<task ACET="0.0" Priority="1" WCET="5.0" abort_on_miss="no" activationDate="0.0" base_cpi="1.0" deadline="10.0" et_stddev="0.0" id="5" instructions="0" list_activation_dates="" mix="0.5" name="TASK T5" period="10.0" preemption_cost="0" task_type="Periodic"/>
		<task ACET="0.0" Priority="4" WCET="12.0" abort_on_miss="no" activationDate="0.0" base_cpi="1.0" deadline="100.0" et_stddev="0.0" id="6" instructions="0" list_activation_dates="" mix="0.5" name="TASK T6" period="100.0" preemption_cost="0" task_type="Periodic"/>
	</tasks>
</simulation>
